{"cameraMode":{"drawMode":0,"name":"Shaded","section":"Shading Mode"},"sceneLighting":true,"audioPlay":false,"sceneViewState":{"m_AlwaysRefresh":false,"showFog":true,"showSkybox":true,"showFlares":true,"showImageEffects":true,"showParticleSystems":true,"showVisualEffectGraphs":true,"m_FxEnabled":true},"in2DMode":false,"pivot":{"x":-42.720664978027347,"y":1.5941182374954224,"z":-5.779587268829346},"rotation":{"x":-0.029768729582428933,"y":0.6977011561393738,"z":-0.03225148469209671,"w":-0.7159022092819214},"size":13.275918006896973,"orthographic":false}