{"cameraMode":{"drawMode":0,"name":"Shaded","section":"Shading Mode"},"sceneLighting":true,"audioPlay":false,"sceneViewState":{"m_AlwaysRefresh":false,"showFog":true,"showSkybox":true,"showFlares":true,"showImageEffects":true,"showParticleSystems":true,"showVisualEffectGraphs":true,"m_FxEnabled":true},"in2DMode":false,"pivot":{"x":4.781458854675293,"y":3.19563364982605,"z":-3.4875669479370119},"rotation":{"x":0.003946041688323021,"y":0.7205430269241333,"z":0.004099068697541952,"w":-0.6933942437171936},"size":1.3704322576522828,"orthographic":false}